id,image_url,user_id,created_at
1,http://elijah.biz,1,30-01-24
2,https://shanon.org,1,30-01-24
3,http://vicky.biz,1,30-01-24
4,http://oleta.net,1,30-01-24
5,https://jennings.biz,1,30-01-24
6,https://quinn.biz,2,30-01-24
7,https://selina.name,2,30-01-24
8,http://malvina.org,2,30-01-24
9,https://branson.biz,2,30-01-24
10,https://elenor.name,3,30-01-24
11,https://marcelino.com,3,30-01-24
12,http://felicity.name,3,30-01-24
13,https://fred.com,3,30-01-24
14,https://gerhard.biz,4,30-01-24
15,https://sherwood.net,4,30-01-24
16,https://maudie.org,4,30-01-24
17,http://annamae.name,6,30-01-24
18,https://mac.org,6,30-01-24
19,http://miracle.info,6,30-01-24
20,http://emmet.com,6,30-01-24
21,https://lisa.com,6,30-01-24
22,https://brooklyn.name,8,30-01-24
23,http://madison.net,8,30-01-24
24,http://annie.name,8,30-01-24
25,http://darron.info,8,30-01-24
26,http://saige.com,9,30-01-24
27,https://reece.net,9,30-01-24
28,http://vance.org,9,30-01-24
29,http://ignacio.net,9,30-01-24
30,http://kenny.com,10,30-01-24
31,http://remington.name,10,30-01-24
32,http://kurtis.info,10,30-01-24
33,https://alisha.com,11,30-01-24
34,https://henderson.com,11,30-01-24
35,http://bonnie.info,11,30-01-24
36,http://kennith.net,11,30-01-24
37,http://camille.name,11,30-01-24
38,http://alena.net,12,30-01-24
39,http://ralph.name,12,30-01-24
40,https://tyshawn.com,12,30-01-24
41,https://adella.net,12,30-01-24
42,https://cielo.info,13,30-01-24
43,https://easter.net,13,30-01-24
44,http://golden.org,13,30-01-24
45,http://kendall.biz,13,30-01-24
46,https://glenda.info,13,30-01-24
47,http://dominic.biz,15,30-01-24
48,http://tressie.info,15,30-01-24
49,http://estevan.org,15,30-01-24
50,http://zena.com,15,30-01-24
51,https://abagail.com,16,30-01-24
52,https://hershel.com,16,30-01-24
53,http://collin.com,16,30-01-24
54,https://clair.com,16,30-01-24
55,https://deondre.com,17,30-01-24
56,http://tristin.name,17,30-01-24
57,http://kirk.org,17,30-01-24
58,https://modesta.info,18,30-01-24
59,http://rylan.biz,19,30-01-24
60,https://noemie.com,19,30-01-24
61,https://dejon.name,20,30-01-24
62,https://rigoberto.net,22,30-01-24
63,http://megane.biz,23,30-01-24
64,http://emmalee.org,23,30-01-24
65,http://nathan.net,23,30-01-24
66,http://lionel.net,23,30-01-24
67,http://danyka.net,23,30-01-24
68,https://woodrow.com,23,30-01-24
69,http://harvey.info,23,30-01-24
70,http://aiden.org,23,30-01-24
71,https://tito.name,23,30-01-24
72,https://julian.net,23,30-01-24
73,https://mafalda.org,23,30-01-24
74,http://verner.org,23,30-01-24
75,https://elmore.org,26,30-01-24
76,http://kasandra.com,26,30-01-24
77,https://jarret.info,26,30-01-24
78,http://einar.net,26,30-01-24
79,http://terry.info,26,30-01-24
80,https://holden.com,27,30-01-24
81,https://jacinto.org,28,30-01-24
82,https://geoffrey.info,28,30-01-24
83,http://paxton.com,28,30-01-24
84,https://trinity.biz,28,30-01-24
85,http://fabiola.org,29,30-01-24
86,https://bryce.org,29,30-01-24
87,http://emery.net,29,30-01-24
88,https://marian.biz,29,30-01-24
89,https://kennedi.org,29,30-01-24
90,https://fanny.net,29,30-01-24
91,http://lottie.net,29,30-01-24
92,http://lacy.biz,29,30-01-24
93,https://jensen.name,30,30-01-24
94,http://virginia.org,30,30-01-24
95,https://ariel.net,31,30-01-24
96,http://roger.info,32,30-01-24
97,https://carolanne.com,32,30-01-24
98,https://margarita.info,32,30-01-24
99,https://kayden.biz,32,30-01-24
100,https://brook.com,33,30-01-24
101,https://gust.net,33,30-01-24
102,http://bridie.name,33,30-01-24
103,http://barton.name,33,30-01-24
104,https://karina.biz,33,30-01-24
105,https://mariam.com,35,30-01-24
106,https://trycia.com,35,30-01-24
107,https://everette.biz,37,30-01-24
108,http://boris.biz,38,30-01-24
109,http://arthur.name,38,30-01-24
110,https://cesar.com,39,30-01-24
111,http://charlie.com,40,30-01-24
112,https://lina.biz,42,30-01-24
113,https://darwin.net,42,30-01-24
114,https://aliyah.biz,42,30-01-24
115,http://euna.info,43,30-01-24
116,https://maymie.net,43,30-01-24
117,http://joanie.name,43,30-01-24
118,http://whitney.net,43,30-01-24
119,http://garrison.name,43,30-01-24
120,https://olga.org,44,30-01-24
121,https://donavon.org,44,30-01-24
122,http://moses.biz,44,30-01-24
123,http://shannon.org,44,30-01-24
124,http://kendrick.net,46,30-01-24
125,https://carey.com,46,30-01-24
126,http://lia.biz,46,30-01-24
127,https://celestine.name,46,30-01-24
128,http://laila.info,47,30-01-24
129,http://buddy.com,47,30-01-24
130,http://americo.biz,47,30-01-24
131,http://lurline.info,47,30-01-24
132,http://kailee.org,47,30-01-24
133,https://edyth.com,48,30-01-24
134,https://isaias.biz,50,30-01-24
135,http://rosetta.net,50,30-01-24
136,https://marianna.info,50,30-01-24
137,https://roel.org,51,30-01-24
138,http://julia.info,51,30-01-24
139,https://seamus.org,51,30-01-24
140,https://earline.info,51,30-01-24
141,http://quinten.info,51,30-01-24
142,https://dolores.org,52,30-01-24
143,https://aimee.info,52,30-01-24
144,https://roderick.name,52,30-01-24
145,https://jarret.name,52,30-01-24
146,https://cathrine.com,52,30-01-24
147,https://adela.com,55,30-01-24
148,https://demarco.com,56,30-01-24
149,https://lila.biz,58,30-01-24
150,http://ruben.net,58,30-01-24
151,https://alia.name,58,30-01-24
152,http://rickey.name,58,30-01-24
153,http://janie.com,58,30-01-24
154,http://myron.org,58,30-01-24
155,http://pearl.info,58,30-01-24
156,http://victoria.biz,58,30-01-24
157,https://carmella.com,59,30-01-24
158,http://leo.com,59,30-01-24
159,http://jedediah.net,59,30-01-24
160,http://sedrick.net,59,30-01-24
161,https://clare.org,59,30-01-24
162,https://malcolm.name,59,30-01-24
163,https://lesly.com,59,30-01-24
164,https://roberta.net,59,30-01-24
165,https://estell.info,59,30-01-24
166,http://kaleigh.biz,59,30-01-24
167,http://blanca.org,60,30-01-24
168,http://delpha.com,60,30-01-24
169,http://annabelle.org,61,30-01-24
170,http://ephraim.com,62,30-01-24
171,https://dameon.name,62,30-01-24
172,https://julianne.org,63,30-01-24
173,https://jasmin.biz,63,30-01-24
174,https://delbert.net,63,30-01-24
175,https://norval.com,63,30-01-24
176,https://jessy.name,64,30-01-24
177,https://nolan.name,64,30-01-24
178,http://devon.info,64,30-01-24
179,http://ora.net,64,30-01-24
180,https://vivien.com,64,30-01-24
181,https://hilda.info,65,30-01-24
182,https://dorcas.biz,65,30-01-24
183,http://hettie.net,65,30-01-24
184,http://rico.biz,65,30-01-24
185,http://jody.biz,65,30-01-24
186,http://sheila.com,67,30-01-24
187,http://germaine.name,67,30-01-24
188,https://mariane.org,67,30-01-24
189,http://reva.com,69,30-01-24
190,https://llewellyn.info,70,30-01-24
191,http://ellen.info,72,30-01-24
192,https://anahi.info,72,30-01-24
193,https://javonte.org,72,30-01-24
194,http://florine.org,72,30-01-24
195,http://marcellus.info,72,30-01-24
196,http://stan.biz,73,30-01-24
197,http://jarred.net,77,30-01-24
198,http://jovanny.net,77,30-01-24
199,http://linnie.com,77,30-01-24
200,http://dino.name,77,30-01-24
201,https://jane.net,77,30-01-24
202,http://laney.name,77,30-01-24
203,http://trever.org,78,30-01-24
204,http://emilie.net,78,30-01-24
205,http://ted.info,78,30-01-24
206,http://keshawn.org,78,30-01-24
207,http://ole.info,78,30-01-24
208,https://ford.biz,79,30-01-24
209,https://humberto.org,82,30-01-24
210,http://penelope.info,82,30-01-24
211,https://dimitri.info,84,30-01-24
212,http://cynthia.info,84,30-01-24
213,http://princess.org,85,30-01-24
214,https://ruthie.info,85,30-01-24
215,https://evan.name,86,30-01-24
216,http://deontae.org,86,30-01-24
217,https://timmy.info,86,30-01-24
218,http://susie.info,86,30-01-24
219,http://hollis.com,86,30-01-24
220,https://colt.org,86,30-01-24
221,http://lucio.org,86,30-01-24
222,http://germaine.org,86,30-01-24
223,http://howard.net,86,30-01-24
224,http://helena.name,87,30-01-24
225,https://celestino.name,87,30-01-24
226,http://violet.info,87,30-01-24
227,http://nigel.biz,87,30-01-24
228,https://noble.net,88,30-01-24
229,https://emilia.org,88,30-01-24
230,http://destini.net,88,30-01-24
231,https://mariano.net,88,30-01-24
232,https://brittany.org,88,30-01-24
233,https://madaline.name,88,30-01-24
234,https://devonte.name,88,30-01-24
235,https://blanche.net,88,30-01-24
236,http://cali.net,88,30-01-24
237,http://mekhi.name,88,30-01-24
238,http://adela.com,88,30-01-24
239,https://devan.com,92,30-01-24
240,https://jarrett.name,92,30-01-24
241,https://sid.biz,92,30-01-24
242,https://jadyn.name,93,30-01-24
243,https://erik.com,93,30-01-24
244,http://freeda.biz,94,30-01-24
245,http://ayden.name,95,30-01-24
246,https://kathleen.biz,95,30-01-24
247,https://helmer.org,96,30-01-24
248,https://maggie.info,96,30-01-24
249,https://cecilia.net,96,30-01-24
250,http://ayla.org,97,30-01-24
251,https://elyssa.biz,97,30-01-24
252,http://jennie.com,98,30-01-24
253,http://ryleigh.info,99,30-01-24
254,https://darien.name,99,30-01-24
255,https://xzavier.org,99,30-01-24
256,https://kaela.name,100,30-01-24
257,http://dedrick.info,100,30-01-24
