id,username,created_at
1,Kenton_Kirlin,22-02-23
2,Andre_Purdy85,02-04-23
3,Harley_Lind18,21-02-23
4,Arely_Bogan63,13-08-22
5,Aniya_Hackett,07-12-22
6,Travon.Waters,30-04-23
7,Kasandra_Homenick,12-12-22
8,Tabitha_Schamberger11,20-08-22
9,Gus93,24-06-22
10,Presley_McClure,07-08-22
11,Justina.Gaylord27,04-05-23
12,Dereck65,19-01-23
13,Alexandro35,29-03-23
14,Jaclyn81,06-02-23
15,Billy52,05-10-22
16,Annalise.McKenzie16,02-08-22
17,Norbert_Carroll35,06-02-23
18,Odessa2,21-10-22
19,Hailee26,29-04-23
20,Delpha.Kihn,31-08-22
21,Rocio33,23-01-23
22,Kenneth64,27-12-22
23,Eveline95,23-01-23
24,Maxwell.Halvorson,18-04-23
25,Tierra.Trantow,03-10-22
26,Josianne.Friesen,07-06-22
27,Darwin29,18-03-23
28,Dario77,18-08-22
29,Jaime53,11-09-22
30,Kaley9,23-09-22
31,Aiyana_Hoeger,29-09-22
32,Irwin.Larson,26-08-22
33,Yvette.Gottlieb91,14-11-22
34,Pearl7,08-07-22
35,Lennie_Hartmann40,30-03-23
36,Ollie_Ledner37,04-08-22
37,Yazmin_Mills95,27-07-22
38,Jordyn.Jacobson2,14-05-22
39,Kelsi26,08-06-22
40,Rafael.Hickle2,19-05-22
41,Mckenna17,23-07-22
42,Maya.Farrell,11-12-22
43,Janet.Armstrong,06-10-22
44,Seth46,07-07-22
45,David.Osinski47,05-02-23
46,Malinda_Streich,09-07-22
47,Harrison.Beatty50,02-09-22
48,Granville_Kutch,26-06-22
49,Morgan.Kassulke,30-10-22
50,Gerard79,23-08-22
51,Mariano_Koch3,23-04-23
52,Zack_Kemmer93,01-01-23
53,Linnea59,07-02-23
54,Duane60,21-12-22
55,Meggie_Doyle,04-04-23
56,Peter.Stehr0,22-08-22
57,Julien_Schmidt,02-02-23
58,Aurelie71,31-05-22
59,Cesar93,18-10-22
60,Sam52,30-03-23
61,Jayson65,14-10-22
62,Ressie_Stanton46,20-12-22
63,Elenor88,08-05-22
64,Florence99,06-10-22
65,Adelle96,01-10-22
66,Mike.Auer39,01-07-22
67,Emilio_Bernier52,06-05-22
68,Franco_Keebler64,13-11-22
69,Karley_Bosco,24-06-22
70,Erick5,05-04-23
71,Nia_Haag,14-05-22
72,Kathryn80,11-10-22
73,Jaylan.Lakin,10-06-22
74,Hulda.Macejkovic,25-01-23
75,Leslie67,21-09-22
76,Janelle.Nikolaus81,21-07-22
77,Donald.Fritsch,07-01-23
78,Colten.Harris76,10-10-22
79,Katarina.Dibbert,03-11-22
80,Darby_Herzog,06-05-22
81,Esther.Zulauf61,14-01-23
82,Aracely.Johnston98,25-07-22
83,Bartholome.Bernhard,06-11-22
84,Alysa22,01-01-23
85,Milford_Gleichner42,30-04-23
86,Delfina_VonRueden68,21-03-23
87,Rick29,24-02-23
88,Clint27,02-06-22
89,Jessyca_West,14-09-22
90,Esmeralda.Mraz57,03-03-23
91,Bethany20,03-06-22
92,Frederik_Rice,06-07-22
93,Willie_Leuschke,15-02-23
94,Damon35,31-10-22
95,Nicole71,09-05-22
96,Keenan.Schamberger60,28-08-22
97,Tomas.Beatty93,11-02-23
98,Imani_Nicolas17,31-01-23
99,Alek_Watsica,10-12-22
100,Javonte83,27-03-23
